uid,text
40001,Supplier 1
40002,Supplier 2
40003,Supplier 3
40004,Supplier 4
40005,Supplier 5
40006,Supplier 6
40007,Supplier 7
40008,Supplier 8
40009,Supplier 9
40010,Supplier 10
40011,Supplier 11
40012,Supplier 12
40013,Supplier 13
40014,Supplier 14
40015,Supplier 15
40016,Supplier 16
40017,Supplier 17
40018,Supplier 18
40019,Supplier 19
40020,Supplier 20
40021,Supplier 21
40022,Supplier 22
40023,Supplier 23
40024,Supplier 24
40025,Supplier 25
40026,Supplier 26
40027,Supplier 27
40028,Supplier 28
40029,Supplier 29
40030,Supplier 30
40031,Supplier 31
40032,Supplier 32
40033,Supplier 33
40034,Supplier 34
40035,Supplier 35
40036,Supplier 36
40037,Supplier 37
40038,Supplier 38
40039,Supplier 39
40040,Supplier 40
40041,Supplier 41
40042,Supplier 42
40043,Supplier 43
40044,Supplier 44
40045,Supplier 45
40046,Supplier 46
40047,Supplier 47
40048,Supplier 48
40049,Supplier 49
40050,Supplier 50
40051,Supplier 51
40052,Supplier 52
40053,Supplier 53
40054,Supplier 54
40055,Supplier 55
40056,Supplier 56
40057,Supplier 57
40058,Supplier 58
40059,Supplier 59
40060,Supplier 60
40061,Supplier 61
40062,Supplier 62
40063,Supplier 63
40064,Supplier 64
40065,Supplier 65
40066,Supplier 66
40067,Supplier 67
40068,Supplier 68
40069,Supplier 69
